{
  "swagger": "2.0",
  "info": {
    "description": "The SFCS 2.0 API description",
    "version": "2.0",
    "title": "OrderManagementService "
  },
  "basePath": "/",
  "tags": [
    {
      "name": "sfcs",
      "description": ""
    }
  ],
  "schemes": [
    "http"
  ],
  "paths": {
    "/test": {
      "get": {
        "responses": {
          "200": {
            "description": ""
          }
        },
        "produces": [
          "application/json"
        ],
        "consumes": [
          "application/json"
        ]
      }
    },
    "/order-management-service/createOms": {
      "post": {
        "parameters": [
          {
            "name": "MoDetailss",
            "required": true,
            "in": "body",
            "schema": {
              "$ref": "#/definitions/MoDetailss"
            }
          }
        ],
        "responses": {
          "201": {
            "description": ""
          }
        },
        "produces": [
          "application/json"
        ],
        "consumes": [
          "application/json"
        ]
      }
    },
    "/order-management-service/updateOms": {
      "post": {
        "parameters": [
          {
            "name": "MoDetails",
            "required": true,
            "in": "body",
            "schema": {
              "$ref": "#/definitions/MoDetails"
            }
          }
        ],
        "responses": {
          "201": {
            "description": ""
          }
        },
        "produces": [
          "application/json"
        ],
        "consumes": [
          "application/json"
        ]
      }
    },
    "/order-management-service/getAllOms": {
      "post": {
        "responses": {
          "201": {
            "description": ""
          }
        },
        "produces": [
          "application/json"
        ],
        "consumes": [
          "application/json"
        ]
      }
    },
    "/order-management-service/deleteOms": {
      "post": {
        "parameters": [
          {
            "name": "DeleteOmsRequest",
            "required": true,
            "in": "body",
            "schema": {
              "$ref": "#/definitions/DeleteOmsRequest"
            }
          }
        ],
        "responses": {
          "201": {
            "description": ""
          }
        },
        "produces": [
          "application/json"
        ],
        "consumes": [
          "application/json"
        ]
      }
    }
  },
  "definitions": {
    "ProductsInfo": {
      "type": "object",
      "properties": {
        "color_name": {
          "type": "string"
        },
        "customer_style_no": {
          "type": "string"
        },
        "product_desc": {
          "type": "string"
        },
        "product_name": {
          "type": "string"
        },
        "product_sku": {
          "type": "string"
        },
        "size_desc": {
          "type": "string"
        },
        "size_name": {
          "type": "string"
        },
        "style": {
          "type": "string"
        },
        "zfeature_desc": {
          "type": "string"
        },
        "zfeature_name": {
          "type": "string"
        }
      },
      "required": [
        "color_name",
        "color_name",
        "customer_style_no",
        "product_desc",
        "product_name",
        "product_sku",
        "size_desc",
        "size_name",
        "style",
        "zfeature_desc",
        "zfeature_name"
      ]
    },
    "ItemInfo": {
      "type": "object",
      "properties": {
        "material_item_code": {
          "type": "string"
        },
        "item_desc": {
          "type": "string"
        },
        "color_code": {
          "type": "string"
        },
        "size_code": {
          "type": "string"
        },
        "z_code": {
          "type": "string"
        },
        "color_desc": {
          "type": "string"
        },
        "size_desc": {
          "type": "string"
        },
        "z_feature_desc": {
          "type": "string"
        }
      },
      "required": [
        "material_item_code",
        "item_desc",
        "color_code",
        "size_code",
        "z_code",
        "color_desc",
        "size_desc",
        "z_feature_desc"
      ]
    },
    "MoItems": {
      "type": "object",
      "properties": {
        "material_item_code": {
          "type": "string"
        },
        "material_sequence": {
          "type": "string"
        },
        "consumption": {
          "type": "string"
        },
        "operation_code": {
          "type": "string"
        },
        "wastage_perc": {
          "type": "number"
        },
        "uom": {
          "type": "string"
        }
      },
      "required": [
        "material_item_code",
        "material_sequence",
        "consumption",
        "operation_code",
        "wastage_perc",
        "uom"
      ]
    },
    "PoOperations": {
      "type": "object",
      "properties": {
        "unqiue_identitfier": {
          "type": "string"
        },
        "operation_code": {
          "type": "string"
        },
        "operation_type": {
          "type": "string"
        },
        "operation_desc": {
          "type": "string"
        },
        "smv": {
          "type": "string"
        },
        "workstation_id": {
          "type": "string"
        }
      },
      "required": [
        "unqiue_identitfier",
        "operation_code",
        "operation_type",
        "operation_desc",
        "smv",
        "workstation_id"
      ]
    },
    "MoDetailss": {
      "type": "object",
      "properties": {
        "mo_number": {
          "type": "string"
        },
        "business_area_code": {
          "type": "string"
        },
        "buyer_desc": {
          "type": "string"
        },
        "cpo": {
          "type": "string"
        },
        "customer_order_line_no": {
          "type": "string"
        },
        "customer_order_no": {
          "type": "string"
        },
        "destination": {
          "type": "string"
        },
        "end_date": {
          "type": "string"
        },
        "max_operations": {
          "type": "number"
        },
        "max_status_operated": {
          "type": "string"
        },
        "mo_quantity": {
          "type": "number"
        },
        "mo_status": {
          "type": "string"
        },
        "packing_method": {
          "type": "string"
        },
        "planned_cut_date": {
          "type": "string"
        },
        "planned_delivery_date": {
          "type": "string"
        },
        "plant_code": {
          "type": "string"
        },
        "requested_planned_delivery_date": {
          "type": "string"
        },
        "schedule": {
          "type": "string"
        },
        "vpo": {
          "type": "string"
        },
        "productsInfos": {
          "$ref": "#/definitions/ProductsInfo"
        },
        "itemInfos": {
          "$ref": "#/definitions/ItemInfo"
        },
        "moItemss": {
          "$ref": "#/definitions/MoItems"
        },
        "poOperationss": {
          "$ref": "#/definitions/PoOperations"
        }
      },
      "required": [
        "mo_number",
        "business_area_code",
        "buyer_desc",
        "cpo",
        "customer_order_line_no",
        "customer_order_no",
        "destination",
        "end_date",
        "max_operations",
        "max_status_operated",
        "mo_quantity",
        "mo_status",
        "packing_method",
        "planned_cut_date",
        "planned_delivery_date",
        "plant_code",
        "requested_planned_delivery_date",
        "schedule",
        "vpo",
        "productsInfos",
        "productsInfos",
        "itemInfos",
        "moItemss",
        "poOperationss"
      ]
    },
    "MoDetails": {
      "type": "object",
      "properties": {}
    },
    "DeleteOmsRequest": {
      "type": "object",
      "properties": {
        "mo_number": {
          "type": "string"
        }
      },
      "required": [
        "mo_number"
      ]
    }
  }
}